number,title,assignees,team_comment_count,completion_claimed,evidence_present,blocker_present,recommendation,missing,url
38,Complete Final Portal Submission Checklist,"r2meen, kaulastudies",0,False,False,False,waiting_for_team_update,"Mentions task completion; Provides evidence such as PR, screenshot, tests, or checklist; No obvious blocker mentioned",https://github.com/kaulastudies/omniedge-routeiq/issues/38
37,Validate Token Savings Story for Demo,"r2meen, kaulastudies",0,False,False,False,waiting_for_team_update,"Mentions task completion; Provides evidence such as PR, screenshot, tests, or checklist; No obvious blocker mentioned",https://github.com/kaulastudies/omniedge-routeiq/issues/37
36,Review Team PRs and Protect Main Branch Quality,"Nabothdaniel, kaulastudies",0,False,False,False,waiting_for_team_update,"Mentions task completion; Provides evidence such as PR, screenshot, tests, or checklist; No obvious blocker mentioned",https://github.com/kaulastudies/omniedge-routeiq/issues/36
33,Add Final Screenshots to Documentation,"Nabothdaniel, kaulastudies",0,False,False,False,waiting_for_team_update,"Mentions task completion; Provides evidence such as PR, screenshot, tests, or checklist; No obvious blocker mentioned",https://github.com/kaulastudies/omniedge-routeiq/issues/33
31,Review Final Demo Recording and Submission Package,"Nabothdaniel, r2meen, kaulastudies",0,False,False,False,waiting_for_team_update,"Mentions task completion; Provides evidence such as PR, screenshot, tests, or checklist; No obvious blocker mentioned",https://github.com/kaulastudies/omniedge-routeiq/issues/31
30,Run Live Deployment Smoke Test,"Nabothdaniel, r2meen, kaulastudies",0,False,False,False,waiting_for_team_update,"Mentions task completion; Provides evidence such as PR, screenshot, tests, or checklist; No obvious blocker mentioned",https://github.com/kaulastudies/omniedge-routeiq/issues/30
12,Frontend Final QA and Build Check,Nabothdaniel,0,False,False,False,waiting_for_team_update,Mentions live demo tested; Mentions scenarios/buttons tested; Mentions errors or no issues found,https://github.com/kaulastudies/omniedge-routeiq/issues/12
11,Add Clear Demo Status and Error Feedback in Frontend,Nabothdaniel,0,False,False,False,waiting_for_team_update,Mentions loading/error state added; Mentions backend slow/failure handling; Mentions lint/build or PR evidence,https://github.com/kaulastudies/omniedge-routeiq/issues/11
10,Improve Scenario Cards and Demo Readability,Nabothdaniel,0,False,False,False,waiting_for_team_update,Mentions scenario labels/cards improved; Mentions local/cloud/hybrid/fallback readability; Mentions lint/build or PR evidence,https://github.com/kaulastudies/omniedge-routeiq/issues/10
9,Polish Command Nexus Dashboard UI for Final Demo,Nabothdaniel,0,False,False,False,waiting_for_team_update,Mentions UI polish completed; Mentions frontend-only changes; Mentions lint/build or PR evidence,https://github.com/kaulastudies/omniedge-routeiq/issues/9
7,QA Live Demo Before Final Recording,r2meen,0,False,False,False,waiting_for_team_update,Mentions live demo tested; Mentions scenarios/buttons tested; Mentions errors or no issues found,https://github.com/kaulastudies/omniedge-routeiq/issues/7
